0,1,2,3
596,1990-2000,토스,20211115173110735840
597,1990-2000,페이코,20211125112249741751
598,1980-1990,카카오페이,20211126194143765628
599,2000-2010,카카오페이,20211112223105790788
600,2000-2010,카카오페이,20211126180558815243
601,2000-2010,토스,20211128193457840678
602,1990-2000,토스,20211109222628877927
603,1990-2000,토스,20211109225833910553
604,2000-2010,토스,20211115041518935981
605,2000-2010,토스,20211115084107969103
606,2000-2010,카카오페이,20211116144206000013
607,2000-2010,카카오페이,20211116144206030241
630,1970-1980,카카오페이,20211202165352917321
631,1990-2000,카카오페이,20211211152503922646
632,1980-1990,토스,20211219183417926284
633,1980-1990,카카오페이,20211210134658930075
634,1980-1990,카카오페이,20211210134658935226
635,1970-1980,카카오페이,20211214163604939412
636,1990-2000,카카오페이,20211226084722944505
637,1990-2000,카카오페이,20211229153648948393
638,1990-2000,카카오페이,20211229153648952301
639,1990-2000,토스,20211202220923956248
640,1990-2000,토스,20211202220923977200
641,1970-1980,카카오페이,20211210225537980518
642,1970-1980,카카오페이,20211210225537984081
643,2000-2010,토스,20211212103800987760
644,2000-2010,토스,20211212120634991966
645,2000-2010,토스,20211212121603996412
646,2000-2010,카카오페이,20211213135154000123
647,1990-2000,토스,20211213144701004273
648,2010-2020,토스,20211217194931008186
649,2010-2020,토스,20211217194931014286
650,2000-2010,카카오페이,20211221195042019223
651,2010-2020,카카오페이,20211226125704024957
652,2000-2010,카카오페이,20211231103408034426
653,1980-1990,카카오페이,20211203154800039489
654,1980-1990,카카오페이,20211203154800043524
655,1980-1990,카카오페이,20211203165651046801
656,1980-1990,카카오페이,20211203215535050405
657,2000-2010,토스,20211205000919056267
658,2000-2010,카카오페이,20211208004801060112
659,2000-2010,카카오페이,20211208201135063956
660,2000-2010,카카오페이,20211210091920068588
661,2000-2010,카카오페이,20211211014855072393
662,2000-2010,카카오페이,20211211014855075870
663,1990-2000,토스,20211211141128079436
664,1990-2000,토스,20211211154130084028
665,1990-2000,토스,20211211154130088032
666,1990-2000,카카오페이,20211213124151093560
667,1990-2000,카카오페이,20211214120651098422
668,1990-2000,카카오페이,20211217113054102237
669,2000-2010,카카오페이,20211219183238106529
670,2000-2010,카카오페이,20211220113542110061
671,2000-2010,카카오페이,20211220113542113218
672,2000-2010,카카오페이,20211220113542116910
673,2000-2010,카카오페이,20211220131623120430
674,1990-2000,토스,20211223184141125108
675,2000-2010,네이버페이,20211229201257129080
676,1980-1990,카카오페이,20211230190541132972
677,1990-2000,카카오페이,20211222150848137557
678,1990-2000,카카오페이,20211222150848140692
679,1990-2000,카카오페이,20211222150848144306
680,2000-2010,카카오페이,20211226140509148685
681,1990-2000,카카오페이,20211229171023152275
682,2000-2010,토스,20220131195635370652
683,1990-2000,카카오페이,20220105220004382051
684,1990-2000,카카오페이,20220108085715387342
685,2000-2010,토스,20220104193231391201
686,2000-2010,토스,20220104193231395026
687,2000-2010,토스,20220120155114401185
688,2000-2010,토스,20220120155114406107
689,2000-2010,카카오페이,20220108162101410075
690,2000-2010,카카오페이,20220125180549414696
691,1990-2000,카카오페이,20220129223750419264
692,1990-2000,카카오페이,20220129225224423846
693,2010-2020,카카오페이,20220101135701428234
694,2000-2010,카카오페이,20220101142915432471
695,1990-2000,카카오페이,20220103161329436603
696,1980-1990,카카오페이,20220106230050441060
697,1980-1990,카카오페이,20220107221138445427
698,1980-1990,카카오페이,20220111135139449496
699,1980-1990,카카오페이,20220114160311453463
700,2000-2010,카카오페이,20220117194549458487
701,1990-2000,토스,20220118180354462519
702,1980-1990,카카오페이,20220121185041466660
703,1990-2000,토스,20220124214204470880
704,1980-1990,카카오페이,20220131123607475559
705,2000-2010,카카오페이,20220119184309479795
706,2000-2010,카카오페이,20220119184309483676
707,2000-2010,카카오페이,20220119184309494545
708,1990-2000,네이버페이,20220122143323498478
709,1990-2000,카카오페이,20220127174730502609
710,2000-2010,토스,20220227140703650238
711,2000-2010,토스,20220202192129658437
712,2000-2010,토스,20220202193857662832
713,2000-2010,토스,20220203191935666600
714,1990-2000,카카오페이,20220207141102670778
715,1970-1980,토스,20220214161729674515
716,1940-1950,카카오페이,20220215150147679953
717,2000-2010,카카오페이,20220206231751683715
718,2000-2010,토스,20220207102913687758
719,2000-2010,카카오페이,20220206231751691520
720,1980-1990,네이버페이,20220207190556695347
721,2000-2010,카카오페이,20220211032320699011
722,2000-2010,토스,20220217092234703025
723,2000-2010,카카오페이,20220218233855707408
724,2000-2010,카카오페이,20220218233855721483
725,1980-1990,카카오페이,20220222001938728543
726,1980-1990,카카오페이,20220222001938732283
727,1990-2000,카카오페이,20220222214039736247
728,1990-2000,카카오페이,20220222214039739965
729,1990-2000,카카오페이,20220222214039743988
730,1990-2000,카카오페이,20220224163634747966
731,1990-2000,카카오페이,20220224164106752336
732,1990-2000,카카오페이,20220225115000758315
733,1980-1990,카카오페이,20220203135258761944
734,1980-1990,카카오페이,20220203135258766391
735,1980-1990,카카오페이,20220204183728770087
736,1980-1990,카카오페이,20220205192256774499
737,2000-2010,토스,20220212092931778914
738,1990-2000,카카오페이,20220215150701783407
739,1990-2000,카카오페이,20220215151158787095
740,1990-2000,토스,20220225105502790322
741,1990-2000,토스,20220225105727793982
742,1990-2000,카카오페이,20220225110003798191
743,2010-2020,토스,20220226193547802747
744,2010-2020,토스,20220226193547806896
745,2010-2020,토스,20220228153424810892
746,2000-2010,카카오페이,20220228222701814693
747,1990-2000,네이버페이,20220302190525625834
748,1990-2000,네이버페이,20220302190525635560
749,1990-2000,네이버페이,20220302190525719826
750,1990-2000,네이버페이,20220302190525810379
751,1990-2000,네이버페이,20220302190525896367
752,1990-2000,네이버페이,20220302190525976490
753,1990-2000,네이버페이,20220302190525123986
754,1980-1990,카카오페이,20220301173740404978
755,1990-2000,카카오페이,20220301203240428206
756,2000-2010,카카오페이,20220302081443615454
757,1990-2000,카카오페이,20220302155355717950
758,1990-2000,카카오페이,20220303102819731056
759,1990-2000,카카오페이,20220302155355822429
760,1980-1990,카카오페이,20220304223729912420
761,2000-2010,카카오페이,20220305031707006750
762,1960-1970,카카오페이,20220306020049103874
763,1980-1990,카카오페이,20220306125020276299
764,2000-2010,카카오페이,20220308115350595859
765,1990-2000,카카오페이,20220310115612621551
766,1990-2000,카카오페이,20220311001729901191
767,1990-2000,카카오페이,20220311090518003010
768,1970-1980,카카오페이,20220313115448107552
769,1990-2000,카카오페이,20220313162957204531
770,1990-2000,카카오페이,20220314102126290193
771,2000-2010,카카오페이,20220315082108383367
772,1990-2000,카카오페이,20220316012313473759
773,2000-2010,카카오페이,20220316222406778527
774,1980-1990,카카오페이,20220316224424800786
775,2000-2010,카카오페이,20220317114040150569
776,2000-2010,카카오페이,20220316222406243040
777,2000-2010,카카오페이,20220316222406337486
778,2000-2010,카카오페이,20220320001528407099
779,1970-1980,카카오페이,20220320192449480494
780,1990-2000,카카오페이,20220322102740564052
781,2010-2020,카카오페이,20220322154939658169
782,1980-1990,카카오페이,20220322164225905219
783,1990-2000,카카오페이,20220322102740927099
784,1990-2000,카카오페이,20220324220914293561
785,1990-2000,카카오페이,20220325102246329859
786,1980-1990,카카오페이,20220325120901517421
787,2000-2010,카카오페이,20220326005822611269
788,1990-2000,카카오페이,20220326013951718676
789,1990-2000,카카오페이,20220326013951841918
790,1990-2000,카카오페이,20220326013951959878
791,1990-2000,카카오페이,20220326190956056504
792,1990-2000,카카오페이,20220326013951069026
793,1980-1990,카카오페이,20220327090721268723
794,1990-2000,카카오페이,20220329115238299433
795,1980-1990,카카오페이,20220330124557625195
796,1980-1990,카카오페이,20220330125316738643
797,1990-2000,카카오페이,20220330204121751549
798,1990-2000,카카오페이,20220330204121866000
799,1990-2000,카카오페이,20220329153305947237
800,1980-1990,카카오페이,20220331154733033431
801,1980-1990,카카오페이,20220331155232143577
802,1980-1990,카카오페이,20220331155232291845
803,2000-2010,토스,20220301002442326529
804,2000-2010,토스,20220301002442717358
805,1980-1990,토스,20220302172942747838
806,1980-1990,토스,20220302172942972183
807,1990-2000,토스,20220305043731082978
808,1980-1990,토스,20220308123708097417
809,2000-2010,토스,20220311000336185879
810,2010-2020,토스,20220312204221296297
811,2010-2020,토스,20220313013553407735
812,1990-2000,토스,20220315010806520495
813,2010-2020,토스,20220317221528685115
814,2000-2010,토스,20220318130421715498
815,2000-2010,토스,20220325071110052526
816,2000-2010,토스,20220325071110082128
817,2000-2010,토스,20220325173954359070
818,2000-2010,토스,20220325071110371777
819,1990-2000,토스,20220402181929808069
820,1990-2000,토스,20220402181929814639
821,1990-2000,페이코,20220419104731818607
822,2000-2010,토스,20220406150341822943
823,2000-2010,토스,20220409093017828705
824,2000-2010,토스,20220411233232833319
825,1970-1980,토스,20220417204313842626
826,1990-2000,카카오페이,20220421113713848844
827,2000-2010,카카오페이,20220401181113852969
828,1980-1990,카카오페이,20220405192741857430
829,2000-2010,토스,20220420223834861840
830,2000-2010,토스,20220421023419866333
831,2010-2020,토스,20220422162048871697
832,2010-2020,토스,20220422162048876498
833,2000-2010,토스,20220425162747884111
834,2000-2010,토스,20220425181833888997
835,2000-2010,토스,20220425181833893071
836,2000-2010,토스,20220425162747897115
837,1990-2000,카카오페이,20220427120611901271
838,1980-1990,카카오페이,20220401114501905507
839,1980-1990,카카오페이,20220401172450911273
840,2010-2020,카카오페이,20220406221952915498
841,1980-1990,카카오페이,20220408233408922350
842,1980-1990,카카오페이,20220408233810926301
843,1980-1990,카카오페이,20220408234113930269
844,1980-1990,카카오페이,20220408234113935249
845,1980-1990,카카오페이,20220408233810939759
846,1980-1990,카카오페이,20220408233408943839
847,2000-2010,토스,20220409002330948010
848,1980-1990,카카오페이,20220412010904953315
849,2000-2010,카카오페이,20220412203223957333
850,2010-2020,카카오페이,20220415235306962225
851,2010-2020,카카오페이,20220415235809967215
852,1980-1990,카카오페이,20220416195433971467
853,2000-2010,카카오페이,20220418030410975689
854,2000-2010,카카오페이,20220418030410979613
855,2000-2010,카카오페이,20220418160015984999
856,2000-2010,카카오페이,20220418161855989069
857,2000-2010,카카오페이,20220418160015993046
858,2000-2010,카카오페이,20220418030410001755
859,2000-2010,토스,20220419203430006279
860,1990-2000,토스,20220422221608010159
861,2000-2010,토스,20220425001139014091
862,2010-2020,토스,20220425131433018440
863,2010-2020,토스,20220425134007022543
864,1980-1990,카카오페이,20220425205929026423
865,2000-2010,카카오페이,20220427225210030988
866,2000-2010,카카오페이,20220427225210039069
867,1980-1990,카카오페이,20220428092237042717
868,2000-2010,토스,20220429155219046950
869,1980-1990,카카오페이,20220430124732051116
870,1970-1980,카카오페이,20220401125637055258
871,1970-1980,카카오페이,20220401130206061167
872,1970-1980,카카오페이,20220401131227066035
873,1970-1980,카카오페이,20220401131756070118
874,1970-1980,카카오페이,20220401131756074996
875,1970-1980,카카오페이,20220401131227079632
876,1970-1980,카카오페이,20220401130206083947
877,1970-1980,카카오페이,20220401125637087954
878,1990-2000,카카오페이,20220403232239091748
879,2010-2020,카카오페이,20220405143806096795
880,1980-1990,카카오페이,20220406081203100725
881,1990-2000,카카오페이,20220407074835104749
882,2000-2010,카카오페이,20220408161240109621
883,1970-1980,카카오페이,20220401130206113589
884,2000-2010,토스,20220411021156117475
885,2000-2010,카카오페이,20220412231502121311
886,1970-1980,카카오페이,20220414201629125169
887,2000-2010,카카오페이,20220415105825129311
888,2000-2010,카카오페이,20220423151824133505
889,2000-2010,카카오페이,20220426222944137312
890,2000-2010,토스,20220427001905141133
891,2000-2010,카카오페이,20220427113835145009
892,1990-2000,카카오페이,20220509231558483266
893,1990-2000,토스,20220513213100578953
894,1980-1990,페이코,20220505120852583837
895,1990-2000,카카오페이,20220510062650590183
896,1990-2000,카카오페이,20220510062650599169
897,2000-2010,카카오페이,20220516162157603533
898,2000-2010,카카오페이,20220516162157610670
899,2000-2010,카카오페이,20220516162157614552
900,2000-2010,카카오페이,20220516162157634623
901,2000-2010,카카오페이,20220516162157643306
902,2000-2010,카카오페이,20220516162157652118
903,2000-2010,카카오페이,20220516162157656117
904,2000-2010,카카오페이,20220516162157666946
905,2000-2010,카카오페이,20220516162157679130
906,2000-2010,카카오페이,20220516162157683939
907,2000-2010,카카오페이,20220518002610687834
908,2000-2010,카카오페이,20220518002610691184
909,2000-2010,카카오페이,20220518161829698960
910,2000-2010,카카오페이,20220518162649705495
911,2000-2010,카카오페이,20220519130035711150
912,2000-2010,토스,20220520055334742059
913,1990-2000,카카오페이,20220528033022752047
914,1990-2000,카카오페이,20220528033022767993
915,1960-1970,카카오페이,20220528142847794157
916,1990-2000,카카오페이,20220529182435843339
917,2000-2010,토스,20220501144549900239
918,2000-2010,토스,20220501183710908046
919,1980-1990,네이버페이,20220503233708915898
920,1980-1990,네이버페이,20220503233708933039
921,1980-1990,네이버페이,20220503233708956701
922,2000-2010,토스,20220501144549974786
923,2000-2010,카카오페이,20220507211203979018
924,2000-2010,토스,20220508235814982929
925,2000-2010,카카오페이,20220515144412987541
926,1990-2000,카카오페이,20220528022902991409
927,2000-2010,카카오페이,20220529074859022424
928,2000-2010,카카오페이,20220531003914039508
929,1990-2000,토스,20220508214330049695
930,1980-1990,카카오페이,20220510150148057612
931,1990-2000,토스,20220512144522068205
932,2000-2010,토스,20220519150752079699
933,2010-2020,카카오페이,20220520215749091733
934,2010-2020,카카오페이,20220526015500131325
935,1980-1990,카카오페이,20220528095611144062
936,2010-2020,토스,20220529214828148125
937,2000-2010,카카오페이,20220502224837154232
938,2010-2020,토스,20220503183552185127
939,2010-2020,토스,20220503192550198950
940,2000-2010,토스,20220503230442204102
941,2010-2020,토스,20220503231132207814
942,2000-2010,카카오페이,20220504130233211453
943,2000-2010,카카오페이,20220502224837215869
944,2000-2010,토스,20220505133927221426
945,2000-2010,카카오페이,20220505182243232898
946,1970-1980,카카오페이,20220514011708240752
947,1970-1980,카카오페이,20220514011708246937
948,2000-2010,토스,20220530163452256859
949,1970-1980,카카오페이,20220530211924262236
950,1970-1980,카카오페이,20220513031007271229
951,1970-1980,카카오페이,20220513031007276868
952,1970-1980,카카오페이,20220513031007281481
953,1970-1980,카카오페이,20220513031007289022
954,1970-1980,카카오페이,20220513031007297734
955,2000-2010,카카오페이,20220514140207313249
956,1970-1980,카카오페이,20220513031007324842
957,1970-1980,카카오페이,20220513031007336690
958,1990-2000,토스,20220516012247345098
959,1980-1990,토스,20220517200129352209
960,2000-2010,페이코,20220519123254358665
961,1980-1990,카카오페이,20220520091530367775
962,2010-2020,토스,20220522150321379225
963,1980-1990,토스,20220522192952388022
964,2010-2020,페이코,20220522193900397762
965,2000-2010,토스,20220523165919413153
966,2000-2010,토스,20220523180110421144
967,2000-2010,토스,20220523180110427016
968,2000-2010,토스,20220523180110430932
969,1990-2000,토스,20220525080759437165
970,2000-2010,카카오페이,20220527084745442406
971,2000-2010,카카오페이,20220530165331445940
972,2000-2010,카카오페이,20220530171934449604
973,2000-2010,카카오페이,20220530165331452991
