710,2000-2010,토스,20220227140703650238
711,2000-2010,토스,20220202192129658437
712,2000-2010,토스,20220202193857662832
713,2000-2010,토스,20220203191935666600
714,1990-2000,카카오페이,20220207141102670778
715,1970-1980,토스,20220214161729674515
716,1940-1950,카카오페이,20220215150147679953
717,2000-2010,카카오페이,20220206231751683715
718,2000-2010,토스,20220207102913687758
719,2000-2010,카카오페이,20220206231751691520
720,1980-1990,네이버페이,20220207190556695347
721,2000-2010,카카오페이,20220211032320699011
722,2000-2010,토스,20220217092234703025
723,2000-2010,카카오페이,20220218233855707408
724,2000-2010,카카오페이,20220218233855721483
725,1980-1990,카카오페이,20220222001938728543
726,1980-1990,카카오페이,20220222001938732283
727,1990-2000,카카오페이,20220222214039736247
728,1990-2000,카카오페이,20220222214039739965
729,1990-2000,카카오페이,20220222214039743988
730,1990-2000,카카오페이,20220224163634747966
731,1990-2000,카카오페이,20220224164106752336
732,1990-2000,카카오페이,20220225115000758315
733,1980-1990,카카오페이,20220203135258761944
734,1980-1990,카카오페이,20220203135258766391
735,1980-1990,카카오페이,20220204183728770087
736,1980-1990,카카오페이,20220205192256774499
737,2000-2010,토스,20220212092931778914
738,1990-2000,카카오페이,20220215150701783407
739,1990-2000,카카오페이,20220215151158787095
740,1990-2000,토스,20220225105502790322
741,1990-2000,토스,20220225105727793982
742,1990-2000,카카오페이,20220225110003798191
743,2010-2020,토스,20220226193547802747
744,2010-2020,토스,20220226193547806896
745,2010-2020,토스,20220228153424810892
746,2000-2010,카카오페이,20220228222701814693
